feature,importance
trailing_volatility,0.30395627956245796
abnormal_density,0.1906629689119841
volume_zscore_30m,0.15986540698264476
one_min_return,0.1353121766895459
message_count_5m,0.107449130600306
net_sentiment,0.03954410070608309
bullish_share,0.03936492420221336
sentiment_change,0.023845012344764854
