feature,coefficient,abs_coefficient
volume_zscore_30m,0.2537145930707057,0.2537145930707057
message_count_5m,0.23813067798818957,0.23813067798818957
bullish_share,0.21484528771338843,0.21484528771338843
abnormal_density,-0.18638014890479573,0.18638014890479573
one_min_return,-0.13067965659882547,0.13067965659882547
trailing_volatility,0.09202317474755879,0.09202317474755879
sentiment_change,0.08062018457552177,0.08062018457552177
net_sentiment,-0.020819829775941465,0.020819829775941465
