feature,coefficient,abs_coefficient
abnormal_density,1.0416180599860845,1.0416180599860845
message_count_5m,-0.5578901911191171,0.5578901911191171
one_min_return,-0.32315794111312945,0.32315794111312945
volume_zscore_30m,0.07832523207976409,0.07832523207976409
trailing_volatility,0.023313336138154894,0.023313336138154894
sentiment_change,0.0,0.0
net_sentiment,0.0,0.0
bullish_share,0.0,0.0
