feature,importance
trailing_volatility,0.3273628618777785
one_min_return,0.25365949748992445
volume_zscore_30m,0.1993252643168554
abnormal_density,0.09933379176302946
bullish_share,0.04276881922565584
net_sentiment,0.036632713059003834
message_count_5m,0.03172943617602451
sentiment_change,0.009187616091728008
