feature,coefficient,abs_coefficient
message_count_5m,0.11066592190471349,0.11066592190471349
abnormal_density,-0.08772730796836328,0.08772730796836328
one_min_return,-0.07162880531788827,0.07162880531788827
net_sentiment,0.04883283352146151,0.04883283352146151
bullish_share,0.04883283352146151,0.04883283352146151
trailing_volatility,0.03947202294536955,0.03947202294536955
sentiment_change,0.031141397159638876,0.031141397159638876
volume_zscore_30m,0.0064498923493324836,0.0064498923493324836
