feature,importance
trailing_volatility,0.2626123334224599
one_min_return,0.22637279746944494
volume_zscore_30m,0.1875590360143147
abnormal_density,0.12240470838981991
sentiment_change,0.059642663193229625
message_count_5m,0.053182282579581776
bullish_share,0.0474299334369575
net_sentiment,0.040796245494191474
