feature,coefficient,abs_coefficient
one_min_return,-0.554045644232755,0.554045644232755
trailing_volatility,0.10172805419477617,0.10172805419477617
abnormal_density,0.07850873952061889,0.07850873952061889
net_sentiment,-0.07850873952061888,0.07850873952061888
message_count_5m,0.07850873952061888,0.07850873952061888
volume_zscore_30m,0.0114315372378369,0.0114315372378369
sentiment_change,0.0,0.0
bullish_share,0.0,0.0
