feature,coefficient,abs_coefficient
volume_zscore_30m,0.2150013438307206,0.2150013438307206
one_min_return,-0.20027550215372739,0.20027550215372739
message_count_5m,-0.08680388642867234,0.08680388642867234
net_sentiment,0.048840919074616566,0.048840919074616566
bullish_share,0.048840919074616566,0.048840919074616566
abnormal_density,0.04782566276062245,0.04782566276062245
trailing_volatility,-0.04153782732828209,0.04153782732828209
sentiment_change,-0.028614821823885438,0.028614821823885438
