feature,importance
trailing_volatility,0.32566839432673594
volume_zscore_30m,0.30040619391704315
one_min_return,0.2834337181874943
abnormal_density,0.061855076793008945
message_count_5m,0.01485886064001707
bullish_share,0.008401447441881366
net_sentiment,0.005376308693819178
sentiment_change,0.0
