{
    "logistic_regression": {
        "accuracy": 0.4673913043478261,
        "precision": 0.6349206349206349,
        "recall": 0.24390243902439024,
        "f1": 0.3524229074889868,
        "auc": 0.5359320557491288,
        "model": "logistic_regression"
    },
    "random_forest": {
        "accuracy": 0.47101449275362317,
        "precision": 0.6607142857142857,
        "recall": 0.22560975609756098,
        "f1": 0.33636363636363636,
        "auc": 0.6009364111498258,
        "model": "random_forest"
    },
    "train_rows": 1100,
    "test_rows": 276,
    "feature_columns": [
        "net_sentiment",
        "bullish_share",
        "sentiment_change",
        "message_count_5m",
        "abnormal_density",
        "one_min_return",
        "trailing_volatility",
        "volume_zscore_30m"
    ],
    "target_column": "direction_5m"
}