feature,coefficient,abs_coefficient
abnormal_density,-0.14028069691160266,0.14028069691160266
message_count_5m,-0.13143299810746634,0.13143299810746634
bullish_share,0.0949119242314294,0.0949119242314294
one_min_return,-0.09001104873690206,0.09001104873690206
sentiment_change,-0.08810487963546626,0.08810487963546626
trailing_volatility,0.05891576875363167,0.05891576875363167
volume_zscore_30m,0.033486694263804996,0.033486694263804996
net_sentiment,0.002367040106348155,0.002367040106348155
