feature,importance
trailing_volatility,0.32705364844176327
one_min_return,0.21469291794706685
volume_zscore_30m,0.20942116911262756
abnormal_density,0.12602554434048227
message_count_5m,0.04545114663319694
sentiment_change,0.032798150664471455
net_sentiment,0.029698740955170486
bullish_share,0.014858681905221088
