feature,coefficient,abs_coefficient
net_sentiment,0.32529647097101255,0.32529647097101255
bullish_share,-0.15394929059408285,0.15394929059408285
one_min_return,0.1220481533053684,0.1220481533053684
abnormal_density,0.0717302618679347,0.0717302618679347
volume_zscore_30m,-0.05747184939432749,0.05747184939432749
trailing_volatility,-0.05118876496254031,0.05118876496254031
message_count_5m,-0.041407969067915114,0.041407969067915114
sentiment_change,0.00700124587666776,0.00700124587666776
