feature,importance
one_min_return,0.21354695104505741
trailing_volatility,0.1965379406425386
volume_zscore_30m,0.17606806940805358
abnormal_density,0.16887428094283116
message_count_5m,0.07361335970860192
net_sentiment,0.0715214639729161
bullish_share,0.055397106258884846
sentiment_change,0.044440828021116416
