feature,importance
one_min_return,0.2923888288017766
trailing_volatility,0.14497503704545237
volume_zscore_30m,0.13835052322865846
abnormal_density,0.13623835912635773
bullish_share,0.11782336132487584
net_sentiment,0.07203485485520414
message_count_5m,0.053674895885856985
sentiment_change,0.044514139731817955
