{
    "logistic_regression": {
        "accuracy": 0.5714285714285714,
        "precision": 0.6190476190476191,
        "recall": 0.5652173913043478,
        "f1": 0.5909090909090909,
        "auc": 0.562929061784897,
        "model": "logistic_regression"
    },
    "random_forest": {
        "accuracy": 0.5238095238095238,
        "precision": 0.5652173913043478,
        "recall": 0.5652173913043478,
        "f1": 0.5652173913043478,
        "auc": 0.46681922196796344,
        "model": "random_forest"
    },
    "train_rows": 168,
    "test_rows": 42,
    "feature_columns": [
        "net_sentiment",
        "bullish_share",
        "sentiment_change",
        "message_count_5m",
        "abnormal_density",
        "one_min_return",
        "trailing_volatility",
        "volume_zscore_30m"
    ],
    "target_column": "direction_5m"
}