feature,coefficient,abs_coefficient
bullish_share,-0.5750962933953214,0.5750962933953214
net_sentiment,0.5287491239087392,0.5287491239087392
abnormal_density,0.3616911287786379,0.3616911287786379
one_min_return,-0.30729964422236644,0.30729964422236644
sentiment_change,0.22844161688552192,0.22844161688552192
volume_zscore_30m,0.18002593001977718,0.18002593001977718
trailing_volatility,0.07817778393805132,0.07817778393805132
message_count_5m,-0.03523810552897005,0.03523810552897005
