feature,importance
one_min_return,0.3117220680394992
trailing_volatility,0.2978708426952052
volume_zscore_30m,0.295706972618614
message_count_5m,0.03694941729537156
abnormal_density,0.023622689810983373
bullish_share,0.019133596604882702
net_sentiment,0.014994412935443985
sentiment_change,0.0
