feature,coefficient,abs_coefficient
one_min_return,0.09445365999961709,0.09445365999961709
message_count_5m,-0.08243710273303098,0.08243710273303098
trailing_volatility,-0.07247002542436096,0.07247002542436096
sentiment_change,0.06196757037052688,0.06196757037052688
volume_zscore_30m,-0.05269760122947726,0.05269760122947726
abnormal_density,0.051954890231505214,0.051954890231505214
net_sentiment,0.032023730002902734,0.032023730002902734
bullish_share,0.032023730002902734,0.032023730002902734
