feature,coefficient,abs_coefficient
abnormal_density,-0.758292052734213,0.758292052734213
message_count_5m,0.494876750994196,0.494876750994196
one_min_return,-0.4882425973553849,0.4882425973553849
sentiment_change,0.4586313443077424,0.4586313443077424
bullish_share,-0.3984797629679242,0.3984797629679242
volume_zscore_30m,0.3252930073094085,0.3252930073094085
trailing_volatility,0.31878515797197265,0.31878515797197265
net_sentiment,0.24892422695164465,0.24892422695164465
