feature,importance
bullish_share,0.19287080848444746
net_sentiment,0.16567699391348928
abnormal_density,0.15952206565647478
message_count_5m,0.1398064741420265
one_min_return,0.12494349677858892
trailing_volatility,0.08412455777410334
volume_zscore_30m,0.06999173060272786
sentiment_change,0.06306387264814184
